{
	"$schema": "https://raw.githubusercontent.com/martinring/tmlanguage/master/tmlanguage.json",
	"name": "dungeon_script",
	"fileTypes": [
		"dungeon_script",
		"ds"
	],
	"patterns": [
		{
			"include": "#comments"
		},
		{
			"name": "context_hint.dungeon_script",
			"match": "\\#\\![^\n;]*;?"
		},
		{
			"include": "#strings"
		},
		{
			"include": "#keywords"
		},
		{
			"name": "numbers.dungeon_script",
			"match": "(\\d+(\\.\\d+)?|\\.\\d+)"
		},
		{
			"name": "constant.value.dungeon_script",
			"match": "\\b(true|false|none|not|and|or)\\b"
		},
		{
			"name": "compare.dungeon_script",
			"match": "(==|<=|>=|!=|<|>)"
		},
		{
			"name": "operator.dungeon_script",
			"match": "\\b(\\-|\\+|/|\\*|([a-zA-Z_][a-zA-Z0-9_\\.]*(?=\\()))\\b"
		},
		{
			"name": "constant.other.dungeon_script",
			"match": "\\b(break|return)\\b"
		},
		{
			"include": "#functions"
		}
	],
	"repository": {
		"comments": {
			"patterns": [
				{
					"name": "comment.line.dungeon_script",
					"match": "//.*"
				},
				{
					"begin": "/\\*",
					"end": "\\*/",
					"name": "comment.line.dungeon_script"
				}
			]
		},
		"keywords": {
			"patterns": [
				{
					"name": "flag.dungeon_script",
					"match": "\\$[a-zA-Z_][a-zA-Z0-9_]*"
				},
				{
					"name": "control.dungeon_script",
					"match": "\\b(if|elif|else|break|return|for|in|while|pass)\\b"
				},
				{
					"name": "flag.dungeon_script",
					"match": "(#|@[^:]*:|%)"
				},
				{
					"name": "globalmarker.dungeon_script",
					"match": "<(#[^\n<>]+)>",
					"captures": {
						"1": {
							"name": "global.dungeon_script"
						}
					}
				},
				{
					"name": "constmarker.dungeon_script",
					"match": "<(\\%[^\n<>]+)>",
					"captures": {
						"1": {
							"name": "constant.dungeon_script"
						}
					}
				},
				{
					"name": "functionmarker.dungeon_script",
					"match": "<(\\$[^\n<>]+)>",
					"captures": {
						"1": {
							"name": "function.dungeon_script"
						}
					}
				},
				{
					"name": "referencemarker.dungeon_script",
					"match": "<([^\n<>]+)>",
					"captures": {
						"1": {
							"name": "reference.dungeon_script"
						}
					}
				}
			]
		},
		"strings": {
			"name": "string.dungeon_script",
			"begin": "\"",
			"end": "\"",
			"patterns": [
				{
					"name": "constant.character.escape.dungeon_script",
					"match": "\\\\."
				},
				{
					"name": "constant.character.escape.dungeon_script",
					"match": "`[^`]*`"
				}
			]
		},
		"functions": {
			"patterns": [
				{
					"name": "function.dungeon_script",
					"match": "\\[([^:]+:)(([^\/\\]]+\/)*)([^\\]]+)\\]",
					"captures": {
						"1": {
							"name": "namespace.dungeon_script"
						},
						"2": {
							"name": "path.dungeon_script"
						},
						"4": {
							"name": "function.dungeon_script"
						}
					}
				}
			]
		}
	},
	"scopeName": "source.dungeon_script"
}